order_id,date,category,region,quantity,unit_price,revenue
1,2025-01-17,Treinamento,Centro-Oeste,4,1037.39,4149.56
2,2025-01-16,Serviços,Sul,1,1171.97,1171.97
3,2025-05-13,Treinamento,Centro-Oeste,6,197.33,1183.98
4,2025-06-01,Software,Nordeste,3,1115.78,3347.34
5,2025-05-21,Serviços,Nordeste,6,559.93,3359.58
6,2025-03-23,Hardware,Sudeste,4,123.39,493.56
7,2025-06-04,Treinamento,Sul,5,921.8,4609.0
8,2025-05-07,Software,Sudeste,7,1077.09,7539.63
9,2025-05-03,Treinamento,Centro-Oeste,2,586.73,1173.46
10,2025-03-31,Hardware,Nordeste,2,835.51,1671.02
11,2025-06-16,Serviços,Sul,7,424.7,2972.9
12,2025-06-12,Software,Sudeste,4,267.89,1071.56
13,2025-03-25,Hardware,Centro-Oeste,4,310.95,1243.8
14,2025-04-12,Serviços,Norte,4,1007.58,4030.32
15,2025-04-24,Serviços,Sudeste,3,1007.1,3021.3
16,2025-03-20,Treinamento,Norte,3,381.58,1144.74
17,2025-02-13,Serviços,Centro-Oeste,1,279.89,279.89
18,2025-05-25,Hardware,Centro-Oeste,6,814.58,4887.48
19,2025-03-26,Serviços,Sul,6,577.75,3466.5
20,2025-04-02,Serviços,Sudeste,1,181.71,181.71
21,2025-03-21,Serviços,Centro-Oeste,4,700.02,2800.08
22,2025-01-15,Treinamento,Nordeste,5,686.62,3433.1
23,2025-01-17,Serviços,Centro-Oeste,3,85.44,256.32
24,2025-03-04,Software,Norte,2,519.81,1039.62
25,2025-06-28,Treinamento,Sudeste,2,117.05,234.1
26,2025-06-04,Software,Norte,3,811.2,2433.6
27,2025-01-23,Serviços,Nordeste,6,813.96,4883.76
28,2025-03-15,Software,Nordeste,6,242.02,1452.12
29,2025-03-02,Hardware,Sudeste,1,880.71,880.71
30,2025-05-06,Software,Centro-Oeste,2,626.2,1252.4
31,2025-06-18,Hardware,Nordeste,5,563.08,2815.4
32,2025-01-30,Software,Sul,3,774.82,2324.46
33,2025-04-20,Software,Norte,1,185.71,185.71
34,2025-03-03,Treinamento,Sul,7,854.66,5982.62
35,2025-03-24,Software,Centro-Oeste,7,945.56,6618.92
36,2025-02-17,Serviços,Centro-Oeste,4,363.08,1452.32
37,2025-01-15,Hardware,Nordeste,7,574.14,4018.98
38,2025-05-07,Hardware,Centro-Oeste,3,716.1,2148.3
39,2025-04-09,Hardware,Nordeste,6,922.3,5533.8
40,2025-03-30,Serviços,Centro-Oeste,4,771.41,3085.64
41,2025-01-26,Serviços,Sudeste,5,147.11,735.55
42,2025-05-17,Software,Centro-Oeste,1,618.09,618.09
43,2025-02-03,Software,Centro-Oeste,2,168.91,337.82
44,2025-02-01,Serviços,Centro-Oeste,2,1113.89,2227.78
45,2025-06-28,Serviços,Nordeste,3,729.55,2188.65
46,2025-02-23,Hardware,Sudeste,7,604.65,4232.55
47,2025-03-26,Treinamento,Sudeste,1,609.66,609.66
48,2025-05-01,Software,Nordeste,7,707.49,4952.43
49,2025-04-08,Software,Norte,2,431.3,862.6
50,2025-04-09,Serviços,Norte,4,74.85,299.4
51,2025-03-07,Treinamento,Sudeste,7,211.29,1479.03
52,2025-02-24,Serviços,Sul,1,823.08,823.08
53,2025-01-22,Software,Sul,5,886.04,4430.2
54,2025-06-18,Treinamento,Sul,1,1103.41,1103.41
55,2025-06-25,Hardware,Sul,1,688.08,688.08
56,2025-04-09,Software,Sul,6,979.49,5876.94
57,2025-06-23,Software,Sul,7,384.56,2691.92
58,2025-04-22,Serviços,Norte,2,1126.45,2252.9
59,2025-02-02,Hardware,Nordeste,1,550.36,550.36
60,2025-06-24,Treinamento,Sudeste,7,910.9,6376.3
61,2025-06-02,Treinamento,Sul,7,646.69,4526.83
62,2025-03-26,Software,Sudeste,6,810.91,4865.46
63,2025-03-15,Software,Norte,1,908.81,908.81
64,2025-03-10,Software,Sudeste,7,327.12,2289.84
65,2025-01-06,Hardware,Sudeste,6,226.28,1357.68
66,2025-05-15,Hardware,Sul,5,1055.75,5278.75
67,2025-01-09,Hardware,Sul,3,944.02,2832.06
68,2025-02-27,Treinamento,Nordeste,4,215.48,861.92
69,2025-06-18,Hardware,Sudeste,2,201.6,403.2
70,2025-01-04,Serviços,Norte,1,632.28,632.28
71,2025-06-16,Serviços,Centro-Oeste,5,279.74,1398.7
72,2025-06-05,Treinamento,Sudeste,6,899.83,5398.98
73,2025-05-29,Hardware,Nordeste,1,1116.7,1116.7
74,2025-01-15,Software,Norte,3,611.87,1835.61
75,2025-04-02,Serviços,Sul,7,379.41,2655.87
76,2025-06-22,Treinamento,Nordeste,1,688.48,688.48
77,2025-01-27,Serviços,Norte,1,211.39,211.39
78,2025-05-15,Software,Sudeste,7,735.45,5148.15
79,2025-02-02,Treinamento,Centro-Oeste,6,587.49,3524.94
80,2025-04-25,Treinamento,Norte,1,175.52,175.52
81,2025-02-21,Treinamento,Sul,6,317.54,1905.24
82,2025-03-02,Serviços,Centro-Oeste,5,1047.9,5239.5
83,2025-05-16,Serviços,Sul,3,480.31,1440.93
84,2025-06-16,Software,Sudeste,5,1047.61,5238.05
85,2025-02-19,Software,Nordeste,2,322.16,644.32
86,2025-06-29,Serviços,Norte,6,171.07,1026.42
87,2025-06-08,Hardware,Nordeste,5,218.1,1090.5
88,2025-02-04,Treinamento,Sul,3,215.45,646.35
89,2025-06-14,Treinamento,Nordeste,2,377.43,754.86
90,2025-04-14,Hardware,Nordeste,1,74.32,74.32
91,2025-05-08,Hardware,Sudeste,2,111.39,222.78
92,2025-03-19,Serviços,Nordeste,5,502.68,2513.4
93,2025-05-30,Software,Norte,4,1056.26,4225.04
94,2025-05-23,Treinamento,Nordeste,1,258.72,258.72
95,2025-06-10,Hardware,Sul,2,706.92,1413.84
96,2025-06-20,Software,Sul,1,479.66,479.66
97,2025-06-16,Serviços,Norte,1,1008.48,1008.48
98,2025-01-20,Hardware,Nordeste,7,163.98,1147.86
99,2025-05-31,Treinamento,Norte,7,1176.51,8235.57
100,2025-02-27,Treinamento,Nordeste,6,788.86,4733.16
101,2025-04-21,Treinamento,Centro-Oeste,1,666.48,666.48
102,2025-02-28,Serviços,Norte,7,582.22,4075.54
103,2025-05-22,Software,Centro-Oeste,5,356.43,1782.15
104,2025-01-12,Hardware,Nordeste,4,529.42,2117.68
105,2025-04-19,Hardware,Sul,3,471.35,1414.05
106,2025-05-13,Software,Nordeste,3,838.6,2515.8
107,2025-02-12,Software,Centro-Oeste,7,1103.8,7726.6
108,2025-06-03,Software,Centro-Oeste,3,665.75,1997.25
109,2025-06-22,Treinamento,Nordeste,5,975.05,4875.25
110,2025-04-10,Serviços,Centro-Oeste,5,381.38,1906.9
111,2025-02-01,Serviços,Sudeste,2,849.02,1698.04
112,2025-04-01,Treinamento,Norte,1,756.54,756.54
113,2025-04-25,Hardware,Centro-Oeste,6,147.17,883.02
114,2025-04-05,Treinamento,Centro-Oeste,1,1152.71,1152.71
115,2025-01-31,Treinamento,Nordeste,5,950.02,4750.1
116,2025-06-29,Treinamento,Norte,7,341.39,2389.73
117,2025-05-10,Serviços,Sudeste,1,758.59,758.59
118,2025-01-31,Hardware,Sudeste,4,708.3,2833.2
119,2025-03-27,Software,Centro-Oeste,4,928.51,3714.04
120,2025-06-15,Treinamento,Nordeste,4,739.53,2958.12
121,2025-01-26,Treinamento,Norte,1,184.67,184.67
122,2025-05-10,Hardware,Nordeste,5,531.4,2657.0
123,2025-06-15,Treinamento,Sul,5,433.68,2168.4
124,2025-05-13,Treinamento,Norte,6,361.12,2166.72
125,2025-05-24,Software,Nordeste,3,231.25,693.75
126,2025-06-23,Hardware,Sudeste,7,553.59,3875.13
127,2025-05-13,Software,Sudeste,6,685.94,4115.64
128,2025-06-20,Treinamento,Sul,6,601.27,3607.62
129,2025-01-26,Software,Centro-Oeste,7,875.42,6127.94
130,2025-06-02,Treinamento,Nordeste,1,1028.11,1028.11
131,2025-06-08,Serviços,Sudeste,1,726.5,726.5
132,2025-01-06,Serviços,Nordeste,1,572.47,572.47
133,2025-05-11,Treinamento,Nordeste,3,577.33,1731.99
134,2025-02-26,Software,Sudeste,3,1106.21,3318.63
135,2025-05-13,Treinamento,Nordeste,1,1196.59,1196.59
136,2025-01-08,Treinamento,Centro-Oeste,2,1012.43,2024.86
137,2025-01-08,Hardware,Centro-Oeste,7,815.54,5708.78
138,2025-01-25,Serviços,Centro-Oeste,1,1081.59,1081.59
139,2025-06-05,Hardware,Sul,2,214.48,428.96
140,2025-06-03,Treinamento,Norte,2,1097.23,2194.46
141,2025-02-22,Serviços,Norte,1,56.24,56.24
142,2025-01-29,Hardware,Norte,5,971.7,4858.5
143,2025-06-23,Hardware,Sul,6,115.82,694.92
144,2025-05-01,Treinamento,Norte,7,937.92,6565.44
145,2025-06-02,Serviços,Norte,6,96.17,577.02
146,2025-03-24,Hardware,Sudeste,1,630.21,630.21
147,2025-04-08,Serviços,Nordeste,5,1028.8,5144.0
148,2025-03-22,Hardware,Norte,6,272.0,1632.0
149,2025-01-03,Software,Sudeste,5,1177.24,5886.2
150,2025-05-15,Serviços,Nordeste,1,758.76,758.76
151,2025-01-01,Hardware,Sul,7,866.02,6062.14
152,2025-03-16,Hardware,Sul,1,261.06,261.06
153,2025-03-09,Treinamento,Nordeste,4,951.69,3806.76
154,2025-02-15,Serviços,Norte,5,216.9,1084.5
155,2025-02-14,Treinamento,Nordeste,3,714.72,2144.16
156,2025-04-07,Serviços,Sul,5,1131.68,5658.4
157,2025-01-29,Hardware,Nordeste,4,514.64,2058.56
158,2025-06-14,Software,Sudeste,1,204.21,204.21
159,2025-06-20,Software,Sudeste,3,542.09,1626.27
160,2025-05-22,Serviços,Nordeste,5,523.58,2617.9
161,2025-01-28,Software,Norte,2,726.55,1453.1
162,2025-04-19,Software,Norte,1,531.16,531.16
163,2025-03-27,Software,Sudeste,2,708.33,1416.66
164,2025-03-05,Serviços,Nordeste,5,795.14,3975.7
165,2025-04-16,Serviços,Centro-Oeste,3,955.55,2866.65
166,2025-03-03,Serviços,Sudeste,4,769.91,3079.64
167,2025-04-05,Software,Norte,4,897.21,3588.84
168,2025-04-11,Treinamento,Sudeste,7,629.18,4404.26
169,2025-05-13,Serviços,Sul,6,411.62,2469.72
170,2025-04-04,Treinamento,Sul,4,183.24,732.96
171,2025-01-11,Hardware,Norte,6,113.9,683.4
172,2025-01-14,Software,Nordeste,3,248.94,746.82
173,2025-05-12,Software,Sudeste,6,66.89,401.34
174,2025-03-20,Treinamento,Centro-Oeste,6,478.1,2868.6
175,2025-05-08,Hardware,Sul,5,187.62,938.1
176,2025-04-02,Software,Nordeste,7,1194.78,8363.46
177,2025-03-22,Treinamento,Nordeste,3,840.81,2522.43
178,2025-01-26,Serviços,Centro-Oeste,3,787.02,2361.06
179,2025-03-02,Hardware,Centro-Oeste,2,653.85,1307.7
180,2025-03-26,Hardware,Centro-Oeste,2,1011.75,2023.5
181,2025-06-15,Treinamento,Norte,4,1014.93,4059.72
182,2025-05-25,Treinamento,Centro-Oeste,1,565.48,565.48
183,2025-06-01,Software,Sul,1,918.63,918.63
184,2025-01-08,Software,Nordeste,4,223.27,893.08
185,2025-02-25,Hardware,Sul,7,101.35,709.45
186,2025-04-24,Hardware,Sudeste,3,613.73,1841.19
187,2025-06-29,Serviços,Centro-Oeste,4,146.73,586.92
188,2025-02-18,Hardware,Norte,6,783.23,4699.38
189,2025-04-11,Serviços,Nordeste,5,927.34,4636.7
190,2025-04-21,Hardware,Centro-Oeste,3,670.46,2011.38
191,2025-06-08,Software,Norte,6,604.96,3629.76
192,2025-04-06,Treinamento,Centro-Oeste,6,630.51,3783.06
193,2025-03-19,Treinamento,Sul,5,1027.82,5139.1
194,2025-03-11,Software,Nordeste,4,661.12,2644.48
195,2025-04-04,Hardware,Sudeste,3,1104.94,3314.82
196,2025-04-24,Serviços,Sul,2,439.68,879.36
197,2025-02-26,Hardware,Sul,1,1116.58,1116.58
198,2025-05-05,Software,Nordeste,3,738.25,2214.75
199,2025-04-12,Hardware,Nordeste,2,858.49,1716.98
200,2025-04-05,Serviços,Centro-Oeste,7,763.41,5343.87
201,2025-06-08,Software,Norte,6,1088.83,6532.98
202,2025-04-03,Serviços,Sul,7,949.31,6645.17
203,2025-03-24,Treinamento,Sudeste,1,892.28,892.28
204,2025-05-26,Software,Centro-Oeste,4,802.22,3208.88
205,2025-03-17,Treinamento,Sudeste,7,381.46,2670.22
206,2025-05-28,Serviços,Norte,6,448.47,2690.82
207,2025-01-01,Hardware,Sul,1,943.94,943.94
208,2025-06-23,Software,Norte,7,584.72,4093.04
209,2025-02-28,Treinamento,Sul,3,962.73,2888.19
210,2025-04-27,Hardware,Sul,4,972.37,3889.48
211,2025-02-17,Treinamento,Nordeste,6,92.52,555.12
212,2025-01-10,Software,Norte,1,175.67,175.67
213,2025-06-17,Serviços,Centro-Oeste,5,939.78,4698.9
214,2025-01-02,Treinamento,Centro-Oeste,6,971.0,5826.0
215,2025-03-10,Hardware,Norte,2,765.18,1530.36
216,2025-02-12,Treinamento,Nordeste,1,641.82,641.82
217,2025-02-17,Serviços,Nordeste,1,511.56,511.56
218,2025-05-06,Treinamento,Centro-Oeste,5,323.31,1616.55
219,2025-03-16,Treinamento,Nordeste,3,1031.35,3094.05
220,2025-06-12,Software,Centro-Oeste,5,506.48,2532.4
221,2025-01-21,Software,Nordeste,7,265.73,1860.11
222,2025-05-03,Hardware,Centro-Oeste,3,875.29,2625.87
223,2025-03-18,Treinamento,Nordeste,7,390.82,2735.74
224,2025-05-20,Software,Nordeste,1,711.1,711.1
225,2025-02-03,Treinamento,Norte,5,734.49,3672.45
226,2025-01-11,Software,Nordeste,7,621.45,4350.15
227,2025-03-03,Hardware,Sudeste,3,127.24,381.72
228,2025-03-05,Hardware,Nordeste,1,571.27,571.27
229,2025-06-23,Serviços,Norte,3,533.44,1600.32
230,2025-06-09,Treinamento,Norte,6,671.99,4031.94
231,2025-06-26,Software,Sul,7,320.36,2242.52
232,2025-04-11,Software,Norte,7,658.97,4612.79
233,2025-06-27,Serviços,Sul,5,801.46,4007.3
234,2025-01-05,Software,Norte,2,420.87,841.74
235,2025-02-01,Hardware,Sul,7,375.73,2630.11
236,2025-01-11,Serviços,Sul,6,951.4,5708.4
237,2025-04-25,Software,Norte,4,1193.91,4775.64
238,2025-04-17,Serviços,Sul,6,1087.94,6527.64
239,2025-02-18,Treinamento,Nordeste,2,696.5,1393.0
240,2025-02-27,Hardware,Nordeste,5,1148.65,5743.25
241,2025-05-21,Serviços,Norte,4,91.22,364.88
242,2025-06-18,Treinamento,Centro-Oeste,1,97.24,97.24
243,2025-01-10,Hardware,Nordeste,1,573.39,573.39
244,2025-02-17,Serviços,Centro-Oeste,3,108.6,325.8
245,2025-06-03,Hardware,Centro-Oeste,3,119.61,358.83
246,2025-06-11,Serviços,Nordeste,2,397.38,794.76
247,2025-03-30,Software,Sul,3,51.91,155.73
248,2025-02-22,Hardware,Nordeste,7,51.42,359.94
249,2025-01-20,Serviços,Sul,4,433.06,1732.24
250,2025-03-15,Software,Nordeste,6,1017.38,6104.28
251,2025-04-06,Software,Sul,3,328.86,986.58
252,2025-06-14,Software,Norte,5,312.49,1562.45
253,2025-05-14,Software,Sul,7,105.85,740.95
254,2025-03-31,Software,Norte,5,223.02,1115.1
255,2025-04-19,Hardware,Sul,1,1106.65,1106.65
256,2025-01-17,Hardware,Norte,2,85.98,171.96
257,2025-01-28,Hardware,Centro-Oeste,5,327.88,1639.4
258,2025-01-16,Serviços,Sul,5,1026.85,5134.25
259,2025-03-30,Hardware,Sul,6,761.99,4571.94
260,2025-03-24,Hardware,Norte,6,1033.82,6202.92
261,2025-02-22,Software,Sul,7,572.63,4008.41
262,2025-06-24,Serviços,Norte,7,465.77,3260.39
263,2025-05-13,Treinamento,Sudeste,3,969.1,2907.3
264,2025-01-21,Serviços,Sul,2,526.13,1052.26
265,2025-04-25,Software,Norte,1,84.31,84.31
266,2025-05-13,Software,Sul,1,240.31,240.31
267,2025-04-29,Serviços,Norte,5,899.37,4496.85
268,2025-05-29,Software,Sudeste,7,732.91,5130.37
269,2025-02-12,Hardware,Centro-Oeste,2,847.06,1694.12
270,2025-01-11,Hardware,Centro-Oeste,4,1190.54,4762.16
271,2025-02-17,Hardware,Norte,1,1192.05,1192.05
272,2025-04-15,Serviços,Sul,1,1081.9,1081.9
273,2025-01-17,Treinamento,Nordeste,4,765.06,3060.24
274,2025-02-02,Software,Centro-Oeste,1,733.75,733.75
275,2025-01-24,Software,Sul,5,1011.68,5058.4
276,2025-02-04,Hardware,Sudeste,5,315.97,1579.85
277,2025-06-02,Treinamento,Norte,2,752.39,1504.78
278,2025-02-03,Serviços,Nordeste,3,829.26,2487.78
279,2025-04-06,Serviços,Centro-Oeste,4,922.19,3688.76
280,2025-05-10,Treinamento,Sudeste,3,641.77,1925.31
281,2025-06-19,Hardware,Sudeste,6,648.26,3889.56
282,2025-03-19,Software,Norte,1,1073.1,1073.1
283,2025-04-29,Software,Sudeste,5,221.78,1108.9
284,2025-03-06,Treinamento,Sul,2,279.47,558.94
285,2025-06-15,Treinamento,Norte,7,293.97,2057.79
286,2025-03-03,Software,Norte,6,1060.12,6360.72
287,2025-04-27,Software,Nordeste,4,902.97,3611.88
288,2025-04-28,Serviços,Nordeste,6,705.42,4232.52
289,2025-03-21,Hardware,Centro-Oeste,7,1045.41,7317.87
290,2025-06-05,Treinamento,Nordeste,1,285.06,285.06
291,2025-03-19,Serviços,Nordeste,1,1176.11,1176.11
292,2025-06-27,Software,Norte,6,1070.71,6424.26
293,2025-04-24,Software,Centro-Oeste,3,750.05,2250.15
294,2025-04-13,Serviços,Sul,3,742.04,2226.12
295,2025-04-14,Treinamento,Nordeste,4,276.25,1105.0
296,2025-03-02,Software,Sul,3,200.77,602.31
297,2025-03-01,Hardware,Sul,5,440.4,2202.0
298,2025-01-05,Treinamento,Centro-Oeste,2,163.76,327.52
299,2025-03-27,Treinamento,Nordeste,7,369.83,2588.81
300,2025-03-28,Hardware,Norte,2,650.31,1300.62
301,2025-01-11,Software,Nordeste,2,101.95,203.9
302,2025-01-02,Software,Sudeste,7,800.4,5602.8
303,2025-05-02,Software,Norte,1,340.3,340.3
304,2025-01-25,Software,Sul,6,1058.22,6349.32
305,2025-05-20,Treinamento,Sudeste,7,1179.72,8258.04
306,2025-03-05,Treinamento,Nordeste,1,208.46,208.46
307,2025-06-19,Software,Sul,4,161.52,646.08
308,2025-05-27,Treinamento,Centro-Oeste,5,673.72,3368.6
309,2025-04-04,Hardware,Sudeste,2,234.36,468.72
310,2025-01-20,Treinamento,Sul,5,895.4,4477.0
311,2025-05-14,Software,Norte,3,515.58,1546.74
312,2025-01-20,Treinamento,Sudeste,6,287.84,1727.04
313,2025-04-19,Treinamento,Nordeste,1,1080.54,1080.54
314,2025-05-11,Hardware,Sul,2,1023.45,2046.9
315,2025-04-22,Hardware,Centro-Oeste,3,567.34,1702.02
316,2025-02-03,Hardware,Norte,5,1029.03,5145.15
317,2025-04-14,Treinamento,Centro-Oeste,3,660.48,1981.44
318,2025-05-10,Hardware,Sul,2,235.44,470.88
319,2025-01-07,Treinamento,Sudeste,7,943.96,6607.72
320,2025-03-01,Serviços,Sul,4,659.21,2636.84
321,2025-03-12,Serviços,Norte,4,201.52,806.08
322,2025-03-06,Hardware,Sudeste,7,604.34,4230.38
323,2025-05-31,Treinamento,Sudeste,2,687.58,1375.16
324,2025-06-22,Hardware,Sudeste,2,84.56,169.12
325,2025-03-10,Hardware,Sudeste,7,419.76,2938.32
326,2025-06-14,Serviços,Sudeste,4,510.52,2042.08
327,2025-04-06,Serviços,Centro-Oeste,2,1186.89,2373.78
328,2025-01-26,Treinamento,Norte,6,589.07,3534.42
329,2025-06-01,Hardware,Norte,7,442.6,3098.2
330,2025-04-11,Hardware,Norte,3,963.63,2890.89
331,2025-04-29,Serviços,Sudeste,6,962.68,5776.08
332,2025-05-29,Hardware,Sul,7,553.69,3875.83
333,2025-02-21,Serviços,Centro-Oeste,1,1192.37,1192.37
334,2025-02-20,Software,Norte,1,577.0,577.0
335,2025-05-24,Hardware,Nordeste,2,777.13,1554.26
336,2025-03-31,Software,Sudeste,7,417.03,2919.21
337,2025-03-16,Serviços,Centro-Oeste,4,808.94,3235.76
338,2025-04-29,Serviços,Sudeste,4,1142.57,4570.28
339,2025-04-05,Software,Nordeste,2,829.81,1659.62
340,2025-06-27,Treinamento,Nordeste,1,567.08,567.08
341,2025-02-22,Treinamento,Centro-Oeste,6,1190.58,7143.48
342,2025-03-23,Serviços,Centro-Oeste,5,397.85,1989.25
343,2025-03-07,Treinamento,Centro-Oeste,3,899.29,2697.87
344,2025-03-12,Software,Norte,4,877.75,3511.0
345,2025-04-17,Serviços,Centro-Oeste,7,532.2,3725.4
346,2025-02-04,Serviços,Nordeste,3,519.38,1558.14
347,2025-03-25,Software,Sul,1,155.48,155.48
348,2025-02-28,Serviços,Sudeste,5,812.35,4061.75
349,2025-02-24,Hardware,Norte,3,277.48,832.44
350,2025-01-30,Treinamento,Norte,7,333.68,2335.76
351,2025-06-14,Serviços,Sudeste,1,366.43,366.43
352,2025-05-18,Hardware,Sul,2,825.95,1651.9
353,2025-06-14,Treinamento,Centro-Oeste,2,673.39,1346.78
354,2025-04-09,Serviços,Centro-Oeste,7,751.57,5260.99
355,2025-05-15,Software,Sul,5,418.56,2092.8
356,2025-05-10,Treinamento,Nordeste,3,838.24,2514.72
357,2025-04-09,Hardware,Nordeste,3,1056.37,3169.11
358,2025-06-23,Serviços,Sul,4,1126.33,4505.32
359,2025-06-02,Treinamento,Sul,3,676.23,2028.69
360,2025-05-07,Software,Nordeste,5,434.23,2171.15
361,2025-05-26,Hardware,Nordeste,7,1112.46,7787.22
362,2025-02-26,Treinamento,Norte,7,906.74,6347.18
363,2025-06-29,Treinamento,Sul,6,602.7,3616.2
364,2025-04-23,Software,Centro-Oeste,2,791.54,1583.08
365,2025-04-25,Software,Sul,2,723.86,1447.72
366,2025-03-07,Software,Sul,2,988.46,1976.92
367,2025-02-22,Treinamento,Nordeste,2,58.63,117.26
368,2025-01-08,Software,Nordeste,6,1015.05,6090.3
369,2025-02-12,Hardware,Centro-Oeste,6,183.06,1098.36
370,2025-01-21,Software,Nordeste,7,271.48,1900.36
371,2025-06-20,Hardware,Sudeste,3,762.62,2287.86
372,2025-06-07,Treinamento,Sul,7,130.09,910.63
373,2025-06-18,Hardware,Nordeste,6,361.23,2167.38
374,2025-03-27,Treinamento,Sul,5,178.62,893.1
375,2025-05-08,Treinamento,Nordeste,2,537.02,1074.04
376,2025-04-02,Serviços,Sul,4,839.09,3356.36
377,2025-05-24,Serviços,Sudeste,7,1199.34,8395.38
378,2025-01-06,Serviços,Sudeste,1,887.02,887.02
379,2025-01-22,Treinamento,Sul,3,580.39,1741.17
380,2025-02-02,Software,Sul,1,823.1,823.1
381,2025-05-18,Software,Sul,6,1006.94,6041.64
382,2025-06-13,Treinamento,Norte,3,419.78,1259.34
383,2025-02-12,Serviços,Centro-Oeste,6,614.95,3689.7
384,2025-02-09,Treinamento,Sul,2,1060.93,2121.86
385,2025-06-14,Hardware,Sul,2,663.92,1327.84
386,2025-02-20,Hardware,Nordeste,1,50.6,50.6
387,2025-01-16,Software,Norte,6,90.06,540.36
388,2025-03-02,Serviços,Centro-Oeste,6,243.2,1459.2
389,2025-01-05,Hardware,Sudeste,7,996.59,6976.13
390,2025-04-10,Serviços,Nordeste,6,156.67,940.02
391,2025-03-18,Software,Nordeste,6,346.07,2076.42
392,2025-02-28,Treinamento,Sul,4,912.81,3651.24
393,2025-05-09,Software,Sul,3,302.07,906.21
394,2025-04-23,Hardware,Centro-Oeste,6,186.75,1120.5
395,2025-05-17,Hardware,Sul,2,251.65,503.3
396,2025-01-08,Treinamento,Sudeste,3,1188.95,3566.85
397,2025-06-03,Hardware,Norte,5,566.04,2830.2
398,2025-06-15,Software,Sudeste,7,1171.93,8203.51
399,2025-06-22,Treinamento,Nordeste,2,303.92,607.84
400,2025-03-27,Serviços,Norte,3,894.93,2684.79
401,2025-01-02,Serviços,Centro-Oeste,4,1002.83,4011.32
402,2025-03-08,Serviços,Nordeste,1,106.88,106.88
403,2025-06-17,Serviços,Sul,4,349.21,1396.84
404,2025-02-21,Software,Sul,6,1000.6,6003.6
405,2025-03-04,Serviços,Sudeste,3,361.3,1083.9
406,2025-01-24,Serviços,Sudeste,3,698.71,2096.13
407,2025-04-26,Serviços,Norte,1,51.23,51.23
408,2025-01-02,Hardware,Nordeste,7,793.23,5552.61
409,2025-05-21,Hardware,Norte,7,590.45,4133.15
410,2025-05-30,Software,Norte,7,118.41,828.87
411,2025-03-03,Hardware,Nordeste,5,274.81,1374.05
412,2025-02-24,Serviços,Sudeste,2,164.03,328.06
413,2025-03-16,Hardware,Sudeste,3,252.56,757.68
414,2025-01-15,Hardware,Centro-Oeste,7,418.46,2929.22
415,2025-03-03,Software,Sul,1,460.98,460.98
416,2025-03-03,Software,Norte,5,286.2,1431.0
417,2025-05-25,Treinamento,Sudeste,7,164.81,1153.67
418,2025-05-16,Hardware,Sudeste,1,762.5,762.5
419,2025-03-15,Hardware,Sudeste,6,917.41,5504.46
420,2025-01-19,Treinamento,Centro-Oeste,4,1196.18,4784.72
421,2025-03-21,Hardware,Sul,3,422.53,1267.59
422,2025-03-26,Treinamento,Sudeste,5,977.12,4885.6
423,2025-06-16,Hardware,Norte,7,623.44,4364.08
424,2025-04-06,Software,Sul,7,487.84,3414.88
425,2025-05-25,Software,Centro-Oeste,5,197.26,986.3
426,2025-04-28,Software,Sul,2,168.78,337.56
427,2025-05-24,Treinamento,Sudeste,5,462.47,2312.35
428,2025-05-01,Software,Nordeste,4,778.12,3112.48
429,2025-03-10,Treinamento,Norte,7,500.22,3501.54
430,2025-05-20,Software,Sul,4,703.12,2812.48
431,2025-03-11,Software,Sul,5,687.56,3437.8
432,2025-03-08,Software,Norte,3,485.38,1456.14
433,2025-04-06,Hardware,Sul,2,881.58,1763.16
434,2025-06-24,Software,Norte,2,697.07,1394.14
435,2025-05-17,Treinamento,Nordeste,2,1000.81,2001.62
436,2025-06-24,Treinamento,Sudeste,5,819.29,4096.45
437,2025-06-28,Hardware,Centro-Oeste,7,501.36,3509.52
438,2025-01-19,Treinamento,Norte,5,55.31,276.55
439,2025-04-21,Hardware,Norte,5,697.07,3485.35
440,2025-01-15,Hardware,Sul,6,1029.97,6179.82
441,2025-02-13,Software,Sul,4,56.29,225.16
442,2025-04-13,Treinamento,Norte,3,1060.58,3181.74
443,2025-06-27,Software,Norte,4,360.89,1443.56
444,2025-05-01,Hardware,Nordeste,6,621.08,3726.48
445,2025-02-08,Serviços,Sul,7,1158.12,8106.84
446,2025-05-23,Treinamento,Norte,2,733.41,1466.82
447,2025-06-23,Treinamento,Nordeste,3,166.27,498.81
448,2025-03-12,Treinamento,Nordeste,4,699.05,2796.2
449,2025-04-25,Treinamento,Centro-Oeste,5,538.73,2693.65
450,2025-06-18,Software,Sudeste,3,186.16,558.48
451,2025-06-08,Treinamento,Sul,6,377.06,2262.36
452,2025-05-08,Software,Centro-Oeste,7,77.57,542.99
453,2025-06-19,Serviços,Nordeste,4,843.65,3374.6
454,2025-04-15,Hardware,Centro-Oeste,5,483.24,2416.2
455,2025-05-23,Serviços,Sudeste,1,580.99,580.99
456,2025-06-22,Serviços,Norte,2,210.57,421.14
457,2025-04-14,Hardware,Nordeste,3,161.33,483.99
458,2025-04-03,Treinamento,Sudeste,3,980.32,2940.96
459,2025-03-16,Treinamento,Sul,1,799.42,799.42
460,2025-06-28,Treinamento,Norte,5,543.38,2716.9
461,2025-01-25,Software,Sul,1,664.79,664.79
462,2025-03-08,Treinamento,Nordeste,7,96.46,675.22
463,2025-02-06,Serviços,Nordeste,3,1088.44,3265.32
464,2025-03-11,Hardware,Sul,7,1013.1,7091.7
465,2025-06-14,Hardware,Sul,1,1009.91,1009.91
466,2025-06-18,Hardware,Centro-Oeste,4,1103.11,4412.44
467,2025-06-06,Serviços,Centro-Oeste,3,561.77,1685.31
468,2025-06-28,Hardware,Sudeste,7,407.25,2850.75
469,2025-05-23,Hardware,Nordeste,3,1159.03,3477.09
470,2025-02-05,Hardware,Centro-Oeste,7,864.02,6048.14
471,2025-04-08,Treinamento,Sudeste,7,1018.48,7129.36
472,2025-03-07,Treinamento,Centro-Oeste,1,965.16,965.16
473,2025-02-24,Serviços,Sul,4,1083.76,4335.04
474,2025-02-08,Treinamento,Nordeste,5,605.38,3026.9
475,2025-03-24,Software,Norte,3,465.84,1397.52
476,2025-02-05,Software,Sudeste,1,139.05,139.05
477,2025-04-13,Treinamento,Centro-Oeste,4,1120.29,4481.16
478,2025-05-31,Serviços,Sudeste,1,231.15,231.15
479,2025-06-04,Hardware,Sul,7,301.51,2110.57
480,2025-03-11,Serviços,Centro-Oeste,7,1173.77,8216.39
481,2025-01-08,Hardware,Nordeste,1,226.64,226.64
482,2025-06-17,Hardware,Sudeste,2,703.86,1407.72
483,2025-03-07,Treinamento,Sul,4,769.89,3079.56
484,2025-05-24,Hardware,Nordeste,6,760.46,4562.76
485,2025-04-28,Treinamento,Centro-Oeste,7,450.09,3150.63
486,2025-01-21,Hardware,Nordeste,2,553.52,1107.04
487,2025-04-22,Treinamento,Norte,3,936.39,2809.17
488,2025-01-23,Serviços,Nordeste,2,418.84,837.68
489,2025-02-03,Serviços,Sudeste,5,549.97,2749.85
490,2025-05-26,Hardware,Centro-Oeste,6,244.2,1465.2
491,2025-05-09,Treinamento,Centro-Oeste,2,173.41,346.82
492,2025-04-16,Software,Nordeste,4,634.42,2537.68
493,2025-06-18,Software,Sul,7,609.22,4264.54
494,2025-04-03,Software,Norte,3,126.85,380.55
495,2025-05-13,Serviços,Sul,2,783.25,1566.5
496,2025-04-21,Hardware,Nordeste,7,589.36,4125.52
497,2025-03-30,Treinamento,Sul,4,119.38,477.52
498,2025-05-25,Treinamento,Centro-Oeste,5,949.02,4745.1
499,2025-06-12,Software,Nordeste,5,1034.66,5173.3
500,2025-05-19,Serviços,Sul,3,811.91,2435.73
501,2025-05-21,Serviços,Norte,7,476.55,3335.85
502,2025-04-18,Software,Centro-Oeste,6,631.63,3789.78
503,2025-01-09,Serviços,Nordeste,4,297.82,1191.28
504,2025-04-18,Serviços,Sul,1,278.37,278.37
505,2025-03-09,Serviços,Sudeste,6,1078.89,6473.34
506,2025-05-12,Software,Nordeste,1,1149.45,1149.45
507,2025-05-25,Hardware,Sul,2,385.03,770.06
508,2025-03-01,Serviços,Sudeste,7,924.63,6472.41
509,2025-01-31,Serviços,Norte,2,461.34,922.68
510,2025-05-22,Software,Norte,2,364.44,728.88
511,2025-02-14,Software,Sul,1,682.78,682.78
512,2025-05-30,Serviços,Sudeste,1,603.29,603.29
513,2025-02-13,Treinamento,Nordeste,6,987.33,5923.98
514,2025-02-07,Software,Nordeste,6,326.87,1961.22
515,2025-03-03,Software,Sudeste,2,587.61,1175.22
516,2025-03-03,Software,Centro-Oeste,2,914.55,1829.1
517,2025-02-01,Software,Sudeste,2,200.52,401.04
518,2025-01-03,Software,Centro-Oeste,3,474.66,1423.98
519,2025-06-12,Hardware,Nordeste,6,1119.5,6717.0
520,2025-03-07,Software,Centro-Oeste,5,1047.25,5236.25
521,2025-04-23,Treinamento,Nordeste,5,1073.25,5366.25
522,2025-05-30,Treinamento,Nordeste,6,580.07,3480.42
523,2025-05-17,Hardware,Centro-Oeste,1,598.78,598.78
524,2025-03-26,Software,Nordeste,3,703.39,2110.17
525,2025-05-18,Serviços,Centro-Oeste,6,174.96,1049.76
526,2025-05-09,Hardware,Sudeste,6,1025.01,6150.06
527,2025-05-19,Treinamento,Centro-Oeste,7,1073.38,7513.66
528,2025-01-29,Software,Sudeste,3,358.3,1074.9
529,2025-05-28,Serviços,Centro-Oeste,7,446.34,3124.38
530,2025-06-29,Serviços,Centro-Oeste,3,245.27,735.81
531,2025-02-10,Hardware,Centro-Oeste,1,1141.69,1141.69
532,2025-05-18,Software,Sudeste,6,833.53,5001.18
533,2025-05-01,Hardware,Centro-Oeste,2,983.79,1967.58
534,2025-06-26,Software,Norte,7,211.06,1477.42
535,2025-02-23,Serviços,Norte,6,320.54,1923.24
536,2025-06-22,Software,Sul,7,354.29,2480.03
537,2025-01-01,Software,Norte,4,340.99,1363.96
538,2025-05-20,Treinamento,Centro-Oeste,6,485.07,2910.42
539,2025-05-13,Treinamento,Norte,2,54.95,109.9
540,2025-04-13,Serviços,Sul,7,94.44,661.08
541,2025-02-07,Hardware,Norte,4,981.43,3925.72
542,2025-05-19,Hardware,Sudeste,3,909.14,2727.42
543,2025-01-29,Software,Sul,2,274.82,549.64
544,2025-04-12,Software,Nordeste,4,1041.09,4164.36
545,2025-04-05,Serviços,Centro-Oeste,5,1180.44,5902.2
546,2025-01-30,Software,Centro-Oeste,3,1111.85,3335.55
547,2025-01-13,Hardware,Norte,6,917.76,5506.56
548,2025-06-24,Hardware,Nordeste,4,280.65,1122.6
549,2025-02-01,Hardware,Nordeste,4,382.84,1531.36
550,2025-02-04,Treinamento,Sul,7,973.13,6811.91
551,2025-04-25,Software,Centro-Oeste,2,342.94,685.88
552,2025-02-19,Hardware,Sudeste,7,512.35,3586.45
553,2025-06-17,Hardware,Nordeste,6,509.07,3054.42
554,2025-02-16,Hardware,Sudeste,2,785.14,1570.28
555,2025-03-20,Treinamento,Sudeste,2,1105.0,2210.0
556,2025-04-21,Treinamento,Sul,6,311.81,1870.86
557,2025-04-05,Hardware,Norte,7,401.67,2811.69
558,2025-01-18,Serviços,Nordeste,6,197.54,1185.24
559,2025-01-22,Treinamento,Sudeste,7,887.63,6213.41
560,2025-06-25,Software,Sudeste,7,656.58,4596.06
561,2025-06-27,Serviços,Sudeste,6,911.76,5470.56
562,2025-04-22,Software,Nordeste,1,324.09,324.09
563,2025-02-25,Serviços,Centro-Oeste,4,720.04,2880.16
564,2025-06-04,Software,Norte,6,1100.13,6600.78
565,2025-05-24,Hardware,Centro-Oeste,6,829.67,4978.02
566,2025-02-15,Serviços,Centro-Oeste,2,964.52,1929.04
567,2025-03-23,Treinamento,Sudeste,6,1105.54,6633.24
568,2025-01-29,Treinamento,Sul,3,783.96,2351.88
569,2025-04-29,Software,Sudeste,7,157.88,1105.16
570,2025-04-18,Software,Centro-Oeste,7,376.66,2636.62
571,2025-04-03,Treinamento,Centro-Oeste,3,1176.98,3530.94
572,2025-03-28,Treinamento,Centro-Oeste,3,935.72,2807.16
573,2025-02-07,Software,Sul,5,807.25,4036.25
574,2025-06-18,Treinamento,Norte,1,303.18,303.18
575,2025-06-15,Serviços,Sul,4,619.95,2479.8
576,2025-03-27,Hardware,Nordeste,3,1044.87,3134.61
577,2025-05-16,Hardware,Norte,3,1136.92,3410.76
578,2025-06-06,Hardware,Sul,6,346.25,2077.5
579,2025-04-05,Treinamento,Sul,6,1068.56,6411.36
580,2025-02-23,Hardware,Nordeste,4,946.16,3784.64
581,2025-05-24,Hardware,Centro-Oeste,2,81.26,162.52
582,2025-03-03,Treinamento,Nordeste,5,780.89,3904.45
583,2025-03-08,Serviços,Norte,4,597.55,2390.2
584,2025-01-23,Software,Sudeste,5,281.77,1408.85
585,2025-01-04,Treinamento,Norte,6,452.0,2712.0
586,2025-06-24,Serviços,Sudeste,1,1168.2,1168.2
587,2025-01-31,Treinamento,Centro-Oeste,7,431.99,3023.93
588,2025-05-30,Hardware,Sul,2,153.5,307.0
589,2025-02-03,Hardware,Sul,1,1188.3,1188.3
590,2025-01-16,Hardware,Sudeste,1,1001.34,1001.34
591,2025-05-13,Serviços,Sudeste,6,775.55,4653.3
592,2025-03-15,Treinamento,Sul,5,650.44,3252.2
593,2025-06-18,Serviços,Nordeste,4,447.97,1791.88
594,2025-01-31,Software,Sudeste,2,966.06,1932.12
595,2025-05-21,Software,Nordeste,2,333.31,666.62
596,2025-05-24,Treinamento,Centro-Oeste,3,838.96,2516.88
597,2025-04-27,Treinamento,Norte,1,929.78,929.78
598,2025-02-07,Software,Centro-Oeste,2,842.24,1684.48
599,2025-04-28,Treinamento,Sudeste,3,704.16,2112.48
600,2025-02-14,Software,Sul,4,765.14,3060.56
601,2025-03-22,Serviços,Sudeste,5,205.34,1026.7
602,2025-02-28,Serviços,Centro-Oeste,5,834.98,4174.9
603,2025-04-20,Hardware,Centro-Oeste,4,520.39,2081.56
604,2025-03-20,Hardware,Norte,2,557.11,1114.22
605,2025-05-30,Serviços,Centro-Oeste,2,1004.21,2008.42
606,2025-03-25,Serviços,Sudeste,6,593.44,3560.64
607,2025-04-08,Software,Sudeste,5,1117.17,5585.85
608,2025-06-17,Software,Norte,4,742.3,2969.2
609,2025-06-29,Serviços,Sudeste,1,643.04,643.04
610,2025-05-01,Software,Nordeste,7,617.53,4322.71
611,2025-04-11,Software,Norte,7,568.16,3977.12
612,2025-04-17,Hardware,Nordeste,2,159.47,318.94
613,2025-04-16,Hardware,Centro-Oeste,4,934.63,3738.52
614,2025-04-07,Serviços,Centro-Oeste,1,705.48,705.48
615,2025-06-25,Hardware,Sudeste,7,242.47,1697.29
616,2025-03-14,Serviços,Sudeste,3,787.8,2363.4
617,2025-02-25,Software,Sul,6,315.28,1891.68
618,2025-02-14,Treinamento,Norte,4,919.51,3678.04
619,2025-03-30,Treinamento,Sul,7,307.54,2152.78
620,2025-05-11,Software,Sul,2,352.3,704.6
621,2025-04-25,Serviços,Centro-Oeste,7,1188.82,8321.74
622,2025-01-20,Serviços,Sul,5,1038.97,5194.85
623,2025-03-14,Treinamento,Sul,2,657.82,1315.64
624,2025-05-01,Treinamento,Sul,3,555.78,1667.34
625,2025-02-13,Treinamento,Nordeste,7,1092.02,7644.14
626,2025-04-15,Treinamento,Norte,2,418.98,837.96
627,2025-04-25,Serviços,Sudeste,4,631.33,2525.32
628,2025-04-14,Serviços,Nordeste,3,911.55,2734.65
629,2025-05-26,Software,Nordeste,3,196.31,588.93
630,2025-03-19,Hardware,Nordeste,6,563.22,3379.32
631,2025-01-11,Hardware,Sudeste,6,687.08,4122.48
632,2025-02-01,Hardware,Norte,3,253.55,760.65
633,2025-02-15,Serviços,Norte,2,124.69,249.38
634,2025-01-02,Hardware,Norte,5,74.98,374.9
635,2025-01-05,Treinamento,Sudeste,2,747.55,1495.1
636,2025-02-11,Software,Centro-Oeste,4,132.57,530.28
637,2025-03-23,Treinamento,Centro-Oeste,7,62.67,438.69
638,2025-04-09,Hardware,Nordeste,7,681.92,4773.44
639,2025-05-03,Hardware,Norte,2,808.98,1617.96
640,2025-01-26,Serviços,Sudeste,5,1146.12,5730.6
641,2025-06-06,Software,Nordeste,3,598.82,1796.46
642,2025-05-19,Software,Centro-Oeste,2,102.86,205.72
643,2025-01-19,Software,Nordeste,5,71.2,356.0
644,2025-02-28,Software,Nordeste,5,751.96,3759.8
645,2025-04-24,Treinamento,Nordeste,6,868.46,5210.76
646,2025-01-09,Hardware,Norte,4,743.92,2975.68
647,2025-05-06,Hardware,Sudeste,1,307.13,307.13
648,2025-04-14,Software,Sudeste,3,253.17,759.51
649,2025-01-26,Treinamento,Nordeste,7,281.55,1970.85
650,2025-04-20,Treinamento,Nordeste,1,1113.71,1113.71
651,2025-04-04,Treinamento,Nordeste,1,927.47,927.47
652,2025-05-09,Treinamento,Sudeste,7,1166.32,8164.24
653,2025-02-04,Serviços,Centro-Oeste,1,1027.26,1027.26
654,2025-01-11,Serviços,Norte,5,529.84,2649.2
655,2025-04-25,Serviços,Nordeste,2,900.74,1801.48
656,2025-05-08,Hardware,Centro-Oeste,6,1026.33,6157.98
657,2025-04-05,Software,Centro-Oeste,4,409.05,1636.2
658,2025-06-17,Treinamento,Sudeste,6,474.34,2846.04
659,2025-06-24,Hardware,Sul,2,583.51,1167.02
660,2025-04-17,Treinamento,Nordeste,6,297.53,1785.18
661,2025-06-20,Treinamento,Centro-Oeste,3,1029.48,3088.44
662,2025-05-22,Hardware,Nordeste,5,1115.67,5578.35
663,2025-01-23,Software,Sudeste,5,1185.41,5927.05
664,2025-04-08,Hardware,Nordeste,1,825.32,825.32
665,2025-06-04,Software,Sul,1,596.6,596.6
666,2025-05-16,Treinamento,Sudeste,2,435.3,870.6
667,2025-01-05,Treinamento,Centro-Oeste,4,1019.14,4076.56
668,2025-01-07,Software,Norte,7,798.41,5588.87
669,2025-02-04,Hardware,Sul,7,612.65,4288.55
670,2025-02-20,Hardware,Sul,2,840.66,1681.32
671,2025-01-24,Hardware,Nordeste,3,210.76,632.28
672,2025-02-07,Software,Centro-Oeste,3,650.16,1950.48
673,2025-02-18,Software,Nordeste,1,756.54,756.54
674,2025-02-25,Software,Sul,5,174.97,874.85
675,2025-03-16,Hardware,Nordeste,2,575.03,1150.06
676,2025-02-28,Software,Centro-Oeste,6,484.51,2907.06
677,2025-06-02,Serviços,Sul,5,75.11,375.55
678,2025-04-24,Serviços,Centro-Oeste,3,534.47,1603.41
679,2025-05-13,Hardware,Sudeste,6,1133.76,6802.56
680,2025-02-28,Hardware,Norte,5,928.42,4642.1
681,2025-06-12,Software,Centro-Oeste,6,777.21,4663.26
682,2025-02-18,Treinamento,Norte,7,98.7,690.9
683,2025-03-07,Software,Norte,4,218.75,875.0
684,2025-05-23,Software,Sudeste,7,68.67,480.69
685,2025-01-15,Software,Sudeste,6,422.49,2534.94
686,2025-01-01,Software,Sudeste,7,596.11,4172.77
687,2025-01-04,Hardware,Sul,1,1137.23,1137.23
688,2025-06-27,Software,Centro-Oeste,4,154.31,617.24
689,2025-04-09,Software,Sudeste,7,627.77,4394.39
690,2025-06-27,Treinamento,Norte,2,630.23,1260.46
691,2025-05-11,Treinamento,Sudeste,4,371.41,1485.64
692,2025-03-16,Treinamento,Norte,3,660.33,1980.99
693,2025-06-14,Treinamento,Sul,2,396.61,793.22
694,2025-02-05,Hardware,Nordeste,3,280.21,840.63
695,2025-05-09,Serviços,Nordeste,2,826.03,1652.06
696,2025-03-09,Software,Nordeste,3,451.19,1353.57
697,2025-02-24,Serviços,Nordeste,4,465.49,1861.96
698,2025-01-19,Treinamento,Sudeste,5,295.91,1479.55
699,2025-01-08,Treinamento,Nordeste,3,94.83,284.49
700,2025-04-12,Software,Nordeste,1,324.24,324.24
701,2025-05-03,Serviços,Sul,1,977.99,977.99
702,2025-06-13,Treinamento,Sul,5,866.91,4334.55
703,2025-03-16,Serviços,Centro-Oeste,7,442.77,3099.39
704,2025-04-05,Hardware,Sudeste,4,663.24,2652.96
705,2025-05-21,Hardware,Nordeste,5,66.24,331.2
706,2025-01-14,Treinamento,Centro-Oeste,2,95.49,190.98
707,2025-06-20,Hardware,Centro-Oeste,2,364.99,729.98
708,2025-05-29,Hardware,Sul,2,271.88,543.76
709,2025-06-14,Software,Nordeste,3,439.86,1319.58
710,2025-03-03,Software,Sul,1,78.99,78.99
711,2025-02-10,Hardware,Sul,6,1189.43,7136.58
712,2025-03-05,Treinamento,Sudeste,4,661.6,2646.4
713,2025-06-17,Software,Sudeste,6,929.47,5576.82
714,2025-05-13,Treinamento,Nordeste,7,549.5,3846.5
715,2025-01-22,Treinamento,Centro-Oeste,6,404.73,2428.38
716,2025-01-13,Treinamento,Nordeste,1,1193.41,1193.41
717,2025-03-22,Treinamento,Sudeste,1,804.66,804.66
718,2025-01-25,Hardware,Centro-Oeste,6,969.11,5814.66
719,2025-05-25,Serviços,Nordeste,6,162.57,975.42
720,2025-05-16,Software,Norte,3,98.83,296.49
721,2025-04-29,Software,Nordeste,2,501.65,1003.3
722,2025-06-03,Software,Sudeste,7,360.89,2526.23
723,2025-06-04,Treinamento,Norte,3,426.98,1280.94
724,2025-05-14,Serviços,Sudeste,3,345.98,1037.94
725,2025-03-09,Serviços,Sudeste,2,454.72,909.44
726,2025-04-20,Serviços,Nordeste,3,997.5,2992.5
727,2025-06-23,Software,Centro-Oeste,7,952.43,6667.01
728,2025-03-31,Treinamento,Nordeste,6,213.42,1280.52
729,2025-06-16,Serviços,Nordeste,2,990.96,1981.92
730,2025-02-24,Serviços,Sul,2,1119.04,2238.08
731,2025-06-19,Hardware,Sul,4,879.2,3516.8
732,2025-02-16,Hardware,Sul,5,988.29,4941.45
733,2025-01-03,Hardware,Nordeste,4,347.34,1389.36
734,2025-01-13,Serviços,Sul,1,1127.61,1127.61
735,2025-02-17,Treinamento,Sul,2,421.76,843.52
736,2025-01-22,Serviços,Sul,6,559.05,3354.3
737,2025-03-26,Hardware,Centro-Oeste,1,1199.73,1199.73
738,2025-05-18,Software,Sul,7,604.73,4233.11
739,2025-05-19,Treinamento,Norte,1,181.12,181.12
740,2025-04-16,Treinamento,Centro-Oeste,7,411.93,2883.51
741,2025-02-28,Software,Centro-Oeste,4,528.59,2114.36
742,2025-02-25,Hardware,Nordeste,7,341.3,2389.1
743,2025-03-27,Serviços,Centro-Oeste,1,94.56,94.56
744,2025-01-21,Serviços,Sudeste,3,803.78,2411.34
745,2025-03-22,Hardware,Centro-Oeste,7,910.79,6375.53
746,2025-03-14,Treinamento,Nordeste,1,418.19,418.19
747,2025-06-18,Software,Norte,4,391.4,1565.6
748,2025-05-31,Hardware,Nordeste,3,342.73,1028.19
749,2025-04-30,Software,Sudeste,2,351.18,702.36
750,2025-02-25,Serviços,Sul,3,447.19,1341.57
751,2025-05-05,Serviços,Norte,6,485.7,2914.2
752,2025-02-22,Serviços,Sul,7,650.28,4551.96
753,2025-01-23,Treinamento,Norte,6,117.53,705.18
754,2025-05-08,Software,Norte,5,1184.72,5923.6
755,2025-05-25,Software,Sudeste,1,696.31,696.31
756,2025-01-06,Hardware,Centro-Oeste,6,633.83,3802.98
757,2025-01-15,Serviços,Norte,7,773.29,5413.03
758,2025-06-16,Serviços,Nordeste,6,1018.82,6112.92
759,2025-04-05,Treinamento,Sudeste,1,689.62,689.62
760,2025-05-08,Hardware,Sudeste,7,795.66,5569.62
761,2025-03-29,Software,Sudeste,2,439.88,879.76
762,2025-05-07,Serviços,Sul,2,157.62,315.24
763,2025-03-31,Treinamento,Centro-Oeste,6,279.76,1678.56
764,2025-02-19,Software,Sudeste,7,864.41,6050.87
765,2025-04-16,Serviços,Sul,3,393.99,1181.97
766,2025-05-05,Hardware,Sudeste,6,99.65,597.9
767,2025-06-11,Hardware,Norte,6,1141.2,6847.2
768,2025-02-26,Treinamento,Sul,4,608.95,2435.8
769,2025-06-07,Software,Sudeste,3,649.97,1949.91
770,2025-04-11,Software,Sul,5,1082.84,5414.2
771,2025-04-22,Treinamento,Norte,1,492.39,492.39
772,2025-01-01,Hardware,Centro-Oeste,3,380.59,1141.77
773,2025-02-19,Hardware,Sudeste,6,620.73,3724.38
774,2025-04-21,Treinamento,Norte,1,127.02,127.02
775,2025-01-05,Software,Centro-Oeste,1,352.14,352.14
776,2025-03-13,Treinamento,Sul,2,277.84,555.68
777,2025-01-24,Serviços,Nordeste,4,717.5,2870.0
778,2025-01-28,Software,Sul,6,209.37,1256.22
779,2025-05-13,Software,Sudeste,5,1048.47,5242.35
780,2025-05-30,Software,Nordeste,4,129.51,518.04
781,2025-02-28,Hardware,Centro-Oeste,1,887.06,887.06
782,2025-06-20,Software,Sudeste,6,126.36,758.16
783,2025-06-28,Treinamento,Centro-Oeste,6,152.27,913.62
784,2025-02-24,Hardware,Norte,1,1031.67,1031.67
785,2025-05-13,Hardware,Nordeste,4,540.18,2160.72
786,2025-02-21,Treinamento,Norte,4,625.76,2503.04
787,2025-06-10,Treinamento,Nordeste,2,1005.31,2010.62
788,2025-06-20,Hardware,Sul,4,1069.29,4277.16
789,2025-01-21,Serviços,Norte,5,352.81,1764.05
790,2025-05-29,Software,Sudeste,3,649.66,1948.98
791,2025-02-17,Software,Nordeste,3,401.3,1203.9
792,2025-05-18,Software,Norte,3,222.43,667.29
793,2025-05-26,Treinamento,Sul,5,203.85,1019.25
794,2025-03-23,Serviços,Norte,6,323.17,1939.02
795,2025-03-20,Hardware,Nordeste,1,104.34,104.34
796,2025-02-23,Treinamento,Sudeste,7,101.61,711.27
797,2025-03-02,Serviços,Sudeste,1,730.95,730.95
798,2025-03-03,Treinamento,Norte,3,62.57,187.71
799,2025-02-25,Serviços,Sudeste,7,346.26,2423.82
800,2025-03-13,Hardware,Nordeste,1,688.54,688.54
